{"cameraMode":{"drawMode":0,"name":"Shaded","section":"Shading Mode"},"sceneLighting":false,"audioPlay":false,"sceneViewState":{"showFog":true,"showMaterialUpdate":false,"showSkybox":false,"showFlares":true,"showImageEffects":true,"showParticleSystems":true},"in2DMode":false,"pivot":{"x":221.40164184570313,"y":22.59124755859375,"z":110.17184448242188},"rotation":{"x":-0.013664938509464264,"y":-0.9176125526428223,"z":-0.031670983880758288,"w":0.3959868848323822},"size":399.9617614746094,"orthographic":true}