{"cameraMode":{"drawMode":0,"name":"Shaded","section":"Shading Mode"},"sceneLighting":false,"audioPlay":false,"sceneViewState":{"showFog":true,"showMaterialUpdate":false,"showSkybox":false,"showFlares":true,"showImageEffects":true,"showParticleSystems":true},"in2DMode":false,"pivot":{"x":34.54790115356445,"y":20.89999771118164,"z":111.97373962402344},"rotation":{"x":-0.013664938509464264,"y":-0.9176125526428223,"z":-0.031670983880758288,"w":0.3959868848323822},"size":466.3239440917969,"orthographic":true}