{"cameraMode":{"drawMode":0,"name":"Shaded","section":"Shading Mode"},"sceneLighting":false,"audioPlay":false,"sceneViewState":{"showFog":true,"showMaterialUpdate":false,"showSkybox":false,"showFlares":true,"showImageEffects":true,"showParticleSystems":true},"in2DMode":false,"pivot":{"x":7.271999835968018,"y":-2.4173998832702638,"z":25.874000549316408},"rotation":{"x":0.0955800786614418,"y":-0.9022085666656494,"z":0.26226699352264407,"w":0.32880181074142458},"size":13.266073226928711,"orthographic":false}