{"cameraMode":{"drawMode":0,"name":"Shaded","section":"Shading Mode"},"sceneLighting":false,"audioPlay":false,"sceneViewState":{"showFog":true,"showMaterialUpdate":false,"showSkybox":false,"showFlares":true,"showImageEffects":true,"showParticleSystems":true},"in2DMode":false,"pivot":{"x":0.31005859375,"y":1.361572265625,"z":-0.38232421875},"rotation":{"x":0.027973657473921777,"y":-0.52996426820755,"z":0.017495226114988328,"w":0.8473799824714661},"size":3.4806571006774904,"orthographic":true}