{"cameraMode":{"drawMode":0,"name":"Shaded","section":"Shading Mode"},"sceneLighting":false,"audioPlay":false,"sceneViewState":{"showFog":true,"showMaterialUpdate":false,"showSkybox":false,"showFlares":true,"showImageEffects":true,"showParticleSystems":true},"in2DMode":false,"pivot":{"x":7.271999835968018,"y":-3.1419999599456789,"z":25.874000549316408},"rotation":{"x":0.2062350958585739,"y":0.21463291347026826,"z":-0.046426575630903247,"w":0.9535563588142395},"size":10.53483772277832,"orthographic":true}