{"cameraMode":{"drawMode":0,"name":"Shaded","section":"Shading Mode"},"sceneLighting":false,"audioPlay":false,"sceneViewState":{"showFog":true,"showMaterialUpdate":false,"showSkybox":false,"showFlares":true,"showImageEffects":true,"showParticleSystems":true},"in2DMode":false,"pivot":{"x":-269.3056640625,"y":61.609127044677737,"z":322.5682373046875},"rotation":{"x":0.3052297532558441,"y":-0.49693554639816286,"z":0.19216881692409516,"w":0.7892877459526062},"size":544.755126953125,"orthographic":true}